<?xml version="1.0" encoding="UTF-8"?>
<project-private xmlns="http://www.netbeans.org/ns/project-private/1">
    <editor-bookmarks xmlns="http://www.netbeans.org/ns/editor-bookmarks/2" lastBookmarkId="0"/>
    <open-files xmlns="http://www.netbeans.org/ns/projectui-open-files/2">
        <group>
            <file>file:/C:/Users/30562534/OneDrive%20-%20City%20of%20Glasgow%20College/Assignment%2012%20unfinished%20bubblesort/%5B30562534%5D_Shop/src/models/DBManager.java</file>
            <file>file:/C:/Users/30562534/OneDrive%20-%20City%20of%20Glasgow%20College/Assignment%2012%20unfinished%20bubblesort/%5B30562534%5D_Shop/src/views/MainMenu.java</file>
            <file>file:/C:/Users/30562534/OneDrive%20-%20City%20of%20Glasgow%20College/Assignment%2012%20unfinished%20bubblesort/%5B30562534%5D_Shop/src/views/Cart.java</file>
            <file>file:/C:/Users/30562534/OneDrive%20-%20City%20of%20Glasgow%20College/Assignment%2012%20unfinished%20bubblesort/%5B30562534%5D_Shop/src/views/CustomerHome.java</file>
            <file>file:/C:/Users/30562534/OneDrive%20-%20City%20of%20Glasgow%20College/Assignment%2012%20unfinished%20bubblesort/%5B30562534%5D_Shop/src/views/CustomerLogin.java</file>
            <file>file:/C:/Users/30562534/OneDrive%20-%20City%20of%20Glasgow%20College/Assignment%2012%20unfinished%20bubblesort/%5B30562534%5D_Shop/src/views/EditProduct.java</file>
            <file>file:/C:/Users/30562534/OneDrive%20-%20City%20of%20Glasgow%20College/Assignment%2012%20unfinished%20bubblesort/%5B30562534%5D_Shop/src/views/ProductConfirmation.java</file>
            <file>file:/C:/Users/30562534/OneDrive%20-%20City%20of%20Glasgow%20College/Assignment%2012%20unfinished%20bubblesort/%5B30562534%5D_Shop/src/views/ProductsPage.java</file>
            <file>file:/C:/Users/30562534/OneDrive%20-%20City%20of%20Glasgow%20College/Assignment%2012%20unfinished%20bubblesort/%5B30562534%5D_Shop/src/views/StaffHome.java</file>
            <file>file:/C:/Users/30562534/OneDrive%20-%20City%20of%20Glasgow%20College/Assignment%2012%20unfinished%20bubblesort/%5B30562534%5D_Shop/src/views/StaffLogin.java</file>
            <file>file:/C:/Users/30562534/OneDrive%20-%20City%20of%20Glasgow%20College/Assignment%2012%20unfinished%20bubblesort/%5B30562534%5D_Shop/src/views/StaffProductsPage.java</file>
        </group>
    </open-files>
</project-private>
